agent_id,agent_name
1,Pamela Little
2,Heather Harris
3,Denise Orozco
4,Dawn Burns
5,Marie Cooley
6,Derek Hood
7,Jorge Murphy
8,Michelle Russell
9,Kyle Jones
10,David Cooper
11,Misty Larson
12,Keith Rogers
13,John Carr
14,Steven Sutton
15,Karen Deleon
16,Dylan Diaz
17,Kelly Rogers
18,Laura White
19,Wendy Payne
20,Anna Rodriguez
21,Mary Ramos
22,Jennifer Ruiz
23,Kimberly Armstrong
24,Mark Myers
25,Douglas Marshall
26,Jennifer Wilson
27,Neil Williams
28,Luis Snyder
29,Kristin Thompson
30,Timothy Clark
31,Mark Ramirez
32,Jennifer Williams
33,Beth Phillips
34,Kimberly Robbins
35,Christina Gray
36,Henry Ward
37,Lisa Johnson
38,Samantha Fitzpatrick
39,Glenn Duncan
40,Christopher Love
41,Joseph Figueroa
42,Elizabeth Morris
43,Vanessa Miller
44,Louis Tran
45,Mark Peterson
46,Jessica Humphrey
47,April Martinez
48,Kevin Lang
49,Diana Bradford
50,Michael Ford
